{"Airport Terminal A Departures: April 9, 2018, 12:26 pm":[{"Northbound":[{"direction":"N","path":"R4N","train_id":"432","origin":"Airport Terminal E-F","destination":"Warminster","line":"Airport","status":"On Time","service_type":"LOCAL","next_station":null,"sched_time":"2018-04-09 12:41:00.000","depart_time":"2018-04-09 12:41:00.000","track":"2","track_change":null,"platform":"","platform_change":null},{"direction":"N","path":"R4N","train_id":"434","origin":"Airport Terminal E-F","destination":"Glenside","line":"Airport","status":"On Time","service_type":"LOCAL","next_station":null,"sched_time":"2018-04-09 13:11:00.000","depart_time":"2018-04-09 13:11:00.000","track":"2","track_change":null,"platform":"","platform_change":null},{"direction":"N","path":"R4N","train_id":"436","origin":"Airport Terminal E-F","destination":"Warminster","line":"Airport","status":"On Time","service_type":"LOCAL","next_station":null,"sched_time":"2018-04-09 13:41:00.000","depart_time":"2018-04-09 13:41:00.000","track":"2","track_change":null,"platform":"","platform_change":null},{"direction":"N","path":"R4N","train_id":"438","origin":"Airport Terminal E-F","destination":"Glenside","line":"Airport","status":"On Time","service_type":"LOCAL","next_station":null,"sched_time":"2018-04-09 14:11:00.000","depart_time":"2018-04-09 14:11:00.000","track":"2","track_change":null,"platform":"","platform_change":null},{"direction":"N","path":"R4N","train_id":"440","origin":"Airport Terminal E-F","destination":"Warminster","line":"Airport","status":"On Time","service_type":"LOCAL","next_station":null,"sched_time":"2018-04-09 14:41:00.000","depart_time":"2018-04-09 14:41:00.000","track":"2","track_change":null,"platform":"","platform_change":null},{"direction":"N","path":"R4N","train_id":"9442","origin":"Airport Terminal E-F","destination":"Temple U","line":"Airport","status":"On Time","service_type":"LOCAL","next_station":null,"sched_time":"2018-04-09 15:11:00.000","depart_time":"2018-04-09 15:11:00.000","track":"2","track_change":null,"platform":"","platform_change":null},{"direction":"N","path":"R4N","train_id":"444","origin":"Airport Terminal E-F","destination":"Warminster","line":"Airport","status":"On Time","service_type":"LOCAL","next_station":null,"sched_time":"2018-04-09 15:41:00.000","depart_time":"2018-04-09 15:41:00.000","track":"2","track_change":null,"platform":"","platform_change":null},{"direction":"N","path":"R4\/8N","train_id":"4840","origin":"Airport Terminal E-F","destination":"Fox Chase","line":"Airport","status":"On Time","service_type":"LOCAL","next_station":null,"sched_time":"2018-04-09 16:11:00.000","depart_time":"2018-04-09 16:11:00.000","track":"2","track_change":null,"platform":"","platform_change":null},{"direction":"N","path":"R4\/8N","train_id":"4848","origin":"Airport Terminal E-F","destination":"Fox Chase","line":"Airport","status":"On Time","service_type":"LOCAL","next_station":null,"sched_time":"2018-04-09 16:41:00.000","depart_time":"2018-04-09 16:41:00.000","track":"2","track_change":null,"platform":"","platform_change":null},{"direction":"N","path":"R4N","train_id":"9450","origin":"Airport Terminal E-F","destination":"Temple U","line":"Airport","status":"On Time","service_type":"LOCAL","next_station":null,"sched_time":"2018-04-09 17:11:00.000","depart_time":"2018-04-09 17:11:00.000","track":"2","track_change":null,"platform":"","platform_change":null}]},{"Southbound":[{"direction":"S","path":"R4S","train_id":"433","origin":"Warminster","destination":"Airport","line":"Airport","status":"On Time","service_type":"LOCAL","next_station":"30th Street Station","sched_time":"2018-04-09 12:47:00.000","depart_time":"2018-04-09 12:47:00.000","track":"2","track_change":null,"platform":"","platform_change":null},{"direction":"S","path":"R4S","train_id":"435","origin":"Glenside","destination":"Airport","line":"Warminster","status":"2 min","service_type":"LOCAL","next_station":"Jenkintown-Wyncote","sched_time":"2018-04-09 13:17:00.000","depart_time":"2018-04-09 13:17:00.000","track":"2","track_change":null,"platform":"","platform_change":null},{"direction":"S","path":"R4S","train_id":"437","origin":"Warminster","destination":"Airport","line":"Warminster","status":"On Time","service_type":"LOCAL","next_station":null,"sched_time":"2018-04-09 13:47:00.000","depart_time":"2018-04-09 13:47:00.000","track":"2","track_change":null,"platform":"","platform_change":null},{"direction":"S","path":"R4S","train_id":"439","origin":"Glenside","destination":"Airport","line":"Warminster","status":"On Time","service_type":"LOCAL","next_station":null,"sched_time":"2018-04-09 14:17:00.000","depart_time":"2018-04-09 14:17:00.000","track":"2","track_change":null,"platform":"","platform_change":null},{"direction":"S","path":"R4S","train_id":"441","origin":"Warminster","destination":"Airport","line":"Warminster","status":"On Time","service_type":"LOCAL","next_station":null,"sched_time":"2018-04-09 14:47:00.000","depart_time":"2018-04-09 14:47:00.000","track":"2","track_change":null,"platform":"","platform_change":null},{"direction":"S","path":"R4S","train_id":"443","origin":"Glenside","destination":"Airport","line":"Warminster","status":"On Time","service_type":"LOCAL","next_station":null,"sched_time":"2018-04-09 15:17:00.000","depart_time":"2018-04-09 15:17:00.000","track":"2","track_change":null,"platform":"","platform_change":null},{"direction":"S","path":"R4S","train_id":"445","origin":"Warminster","destination":"Airport","line":"Warminster","status":"On Time","service_type":"LOCAL","next_station":null,"sched_time":"2018-04-09 15:47:00.000","depart_time":"2018-04-09 15:47:00.000","track":"2","track_change":null,"platform":"","platform_change":null},{"direction":"S","path":"R4S","train_id":"447","origin":"Glenside","destination":"Airport","line":"Warminster","status":"On Time","service_type":"LOCAL","next_station":null,"sched_time":"2018-04-09 16:17:00.000","depart_time":"2018-04-09 16:17:00.000","track":"2","track_change":null,"platform":"","platform_change":null},{"direction":"S","path":"R4S","train_id":"449","origin":"Warminster","destination":"Airport","line":"Warminster","status":"On Time","service_type":"LOCAL","next_station":null,"sched_time":"2018-04-09 16:47:00.000","depart_time":"2018-04-09 16:47:00.000","track":"2","track_change":null,"platform":"","platform_change":null},{"direction":"S","path":"R4S","train_id":"9451","origin":"Temple U","destination":"Airport","line":"Airport","status":"On Time","service_type":"LOCAL","next_station":null,"sched_time":"2018-04-09 17:17:00.000","depart_time":"2018-04-09 17:17:00.000","track":"2","track_change":null,"platform":"","platform_change":null}]}]}